{"benchmarks": {"grpc": {"p50_ms": 605.9694579998904, "p95_ms": 623.4760131500933, "p99_ms": 1092.179761389952, "path": "/Users/thilowilts/Code/VellumCore/systematic_study/reports/provider_cutover/grpc_rapidsnark_benchmark.json", "runs_completed": 40}, "snarkjs": {"p50_ms": 1142.142916499779, "p95_ms": 1731.0497023993776, "p99_ms": 2816.1663137498535, "path": "/Users/thilowilts/Code/VellumCore/systematic_study/reports/provider_cutover/snarkjs_benchmark.json", "runs_completed": 40}}, "result": {"pass_gate": true, "reasons": [], "speedup_p95": 2.776449560029266}, "summary": {"compared_runs": 1200, "days_observed": 7, "functional_mismatches": 0, "grpc_p95_ms": 623.4760131500933, "snarkjs_p95_ms": 1731.0497023993776}}
